n,p,k,ph,rainfall,crop
119,45,63,6.29,1552,rice
116,44,69,6.7,1312,rice
101,55,64,6.05,1019,rice
117,44,56,7.15,1257,rice
117,39,59,7.06,1421,rice
109,37,65,6.35,1204,rice
112,55,59,6.61,1001,rice
118,43,65,6.27,1546,rice
121,38,64,6.54,1572,rice
104,47,54,5.71,1488,rice
102,42,62,5.51,1411,rice
93,51,48,6.67,1266,rice
110,46,64,6.52,1193,rice
105,55,63,6.99,1163,rice
130,44,57,6.82,1309,rice
101,42,63,5.47,1248,rice
110,37,58,6.41,1457,rice
116,39,70,6.63,1563,rice
150,51,63,6.03,1240,rice
105,47,37,6.18,1274,rice
114,37,62,7.29,1126,rice
106,39,64,5.32,1675,rice
139,43,65,6.53,1201,rice
124,40,60,5.7,1692,rice
104,50,61,6.19,1228,rice
107,41,56,5.85,1230,rice
115,50,48,5.65,1182,rice
100,44,56,6.75,1381,rice
97,35,58,6.19,1611,rice
89,55,59,6.54,1533,rice
136,32,57,5.95,1201,rice
127,40,60,6.17,1350,rice
114,53,77,6.32,1210,rice
106,52,47,7.13,1312,rice
92,42,74,6.86,829,rice
101,46,59,5.86,1146,rice
109,56,38,6.56,1325,rice
103,46,74,6.95,1117,rice
104,36,69,6.76,1455,rice
125,42,60,6.7,1683,rice
108,49,61,6.46,1263,rice
89,43,62,6.53,1299,rice
127,35,52,6.67,1429,rice
93,47,57,6.62,1338,rice
93,34,67,6.5,1325,rice
107,39,60,5.66,1654,rice
115,52,39,7.04,1185,rice
103,52,64,7.01,1589,rice
96,36,70,6.53,1014,rice
112,42,71,5.37,1477,rice
99,49,69,6.07,1831,rice
88,34,57,6.03,1095,rice
108,41,55,6.18,1581,rice
99,58,58,6.17,1422,rice
109,48,55,6.92,1103,rice
113,35,54,5.94,1448,rice
86,45,38,5.95,1294,rice
124,45,40,6.45,1147,rice
99,36,54,7.52,1368,rice
131,44,54,6.84,1515,rice
129,31,56,6.62,1857,rice
109,48,82,6.61,1212,rice
110,54,64,7.11,1536,rice
96,51,57,7.7,1341,rice
88,50,52,7.14,1307,rice
123,41,68,6.85,1282,rice
101,56,75,5.86,1246,rice
101,43,54,6.96,1255,rice
107,56,58,6.57,1260,rice
133,44,73,5.86,1141,rice
100,48,75,6.25,1641,rice
116,33,66,5.81,1305,rice
109,41,42,5.16,1181,rice
127,45,48,6.08,1250,rice
84,38,67,5.68,1405,rice
133,32,46,5.92,897,rice
132,52,61,6.61,1264,rice
129,35,65,7.48,1235,rice
113,49,59,6.77,1656,rice
102,44,63,5.96,1284,rice
122,42,60,6.9,1186,rice
109,55,69,6.6,1117,rice
107,30,43,6.82,1355,rice
96,32,66,6.87,1460,rice
107,37,60,6.66,1497,rice
121,43,66,6.57,1318,rice
126,32,53,6.98,1242,rice
118,59,60,6.6,1330,rice
116,35,64,6.58,1676,rice
85,61,66,6.67,1371,rice
125,45,68,6.54,1419,rice
110,37,49,6.85,1718,rice
108,46,59,6.35,1290,rice
100,42,72,5.97,1684,rice
93,44,68,5.91,1371,rice
128,44,53,6.84,1223,rice
100,45,52,7.06,976,rice
103,58,69,5.9,1640,rice
86,45,73,6.63,1475,rice
108,47,72,6.12,1836,rice
113,55,54,6.34,1076,rice
104,42,63,6.84,1340,rice
134,41,51,6.37,1011,rice
96,61,54,6.18,1323,rice
110,56,53,6.46,1668,rice
139,41,42,6.3,1149,rice
96,44,53,6.15,1375,rice
114,40,51,6.88,1776,rice
109,46,49,6.08,1640,rice
110,42,70,6.09,1285,rice
121,49,63,6.4,1350,rice
111,45,68,6.25,1396,rice
120,39,66,6.52,2078,rice
125,35,75,6.69,1036,rice
112,47,58,6.68,1308,rice
107,44,69,6.82,1063,rice
98,27,56,7.19,1158,rice
80,58,53,7.55,1197,rice
119,25,66,5.31,1447,rice
90,45,55,7.27,1502,rice
75,36,50,6.47,351,wheat
105,32,55,7.38,339,wheat
110,46,61,6.55,597,wheat
120,36,52,7.74,425,wheat
101,55,43,7.05,416,wheat
113,38,54,6.7,540,wheat
64,36,50,7.11,483,wheat
126,49,66,7.26,484,wheat
120,35,37,7.2,442,wheat
76,46,65,7.49,474,wheat
130,42,54,7.57,332,wheat
91,46,65,7.21,212,wheat
97,36,50,7.37,407,wheat
101,44,62,6.82,344,wheat
111,40,62,6.84,604,wheat
130,37,54,7.41,361,wheat
90,46,37,8.38,477,wheat
101,36,46,6.4,458,wheat
121,53,59,6.29,468,wheat
101,31,69,6.82,406,wheat
100,31,57,6.68,526,wheat
84,42,38,7.18,400,wheat
121,46,45,7.42,466,wheat
115,48,62,7.09,423,wheat
104,36,49,7.43,507,wheat
114,58,69,6.84,530,wheat
98,48,64,6.44,441,wheat
113,37,56,7.56,450,wheat
100,36,34,7.11,274,wheat
72,44,58,7.08,470,wheat
97,26,62,7.13,439,wheat
110,51,58,6.59,366,wheat
107,44,47,7.32,493,wheat
86,47,64,6.99,464,wheat
113,41,43,6.78,425,wheat
78,50,60,7.57,586,wheat
98,42,34,7.03,322,wheat
108,40,44,6.89,496,wheat
98,55,53,6.43,427,wheat
105,42,38,6.41,402,wheat
70,30,47,6.94,512,wheat
58,33,44,7.17,415,wheat
111,43,51,7.06,365,wheat
87,37,55,6.69,561,wheat
75,40,36,7.54,355,wheat
107,35,56,6.96,435,wheat
77,48,52,7.39,390,wheat
119,45,62,7.47,497,wheat
78,37,56,7.34,384,wheat
87,45,64,7.4,378,wheat
90,42,66,6.56,552,wheat
99,58,55,7.43,395,wheat
81,47,63,7.04,306,wheat
110,44,62,6.83,377,wheat
90,45,54,6.5,480,wheat
98,45,53,7.12,467,wheat
98,44,57,6.8,507,wheat
104,40,47,7.25,424,wheat
120,51,73,7.46,421,wheat
75,46,52,6.18,385,wheat
119,41,54,7.07,537,wheat
125,36,50,6.32,495,wheat
93,41,66,7.28,601,wheat
95,41,45,7.16,487,wheat
96,60,57,7.11,399,wheat
109,39,59,7.1,444,wheat
87,34,68,6.85,492,wheat
120,42,41,6.71,357,wheat
77,53,51,6.97,468,wheat
74,45,45,7.38,404,wheat
85,47,66,7.53,424,wheat
111,43,52,7.02,538,wheat
113,55,66,6.62,624,wheat
124,39,51,7.25,477,wheat
103,48,57,7.03,343,wheat
107,38,30,7.02,364,wheat
90,40,78,6.69,572,wheat
93,41,53,7.27,450,wheat
121,36,44,6.36,458,wheat
99,39,51,7.45,362,wheat
86,32,51,7.01,483,wheat
92,44,58,7.13,419,wheat
94,47,68,7.13,520,wheat
122,27,58,6.4,487,wheat
119,54,55,6.09,356,wheat
126,42,67,6.48,295,wheat
86,36,77,7.73,341,wheat
114,33,55,7.68,427,wheat
100,41,54,6.92,456,wheat
105,33,61,6.98,417,wheat
112,37,72,6.62,452,wheat
82,41,46,7.05,409,wheat
109,31,49,7.61,473,wheat
79,48,23,6.74,579,wheat
107,40,49,6.61,396,wheat
57,42,45,6.81,442,wheat
106,23,57,6.86,426,wheat
116,34,49,6.37,501,wheat
95,42,54,7.02,336,wheat
82,46,62,6.74,432,wheat
81,48,60,7.06,409,wheat
113,29,51,6.82,478,wheat
95,40,40,6.9,492,wheat
73,48,58,6.15,475,wheat
110,42,54,6.37,517,wheat
97,42,70,7.23,452,wheat
96,32,64,5.79,436,wheat
121,36,59,6.86,444,wheat
112,44,56,6.84,441,wheat
116,40,51,7.29,461,wheat
113,35,55,6.61,306,wheat
113,41,57,6.99,552,wheat
105,34,54,6.46,582,wheat
80,45,48,6.47,457,wheat
114,34,46,6.95,428,wheat
104,40,55,6.1,522,wheat
93,32,70,6.13,437,wheat
114,52,63,6.98,605,wheat
88,35,63,6.99,342,wheat
103,46,82,6.36,457,wheat
54,41,41,6.11,483,jowar
74,28,45,6.61,632,jowar
69,33,62,6.47,615,jowar
83,26,51,6.34,553,jowar
64,19,55,6.63,658,jowar
85,42,57,6.07,454,jowar
83,30,36,6.32,493,jowar
67,28,52,7.82,639,jowar
66,33,54,6.0,547,jowar
51,39,33,6.83,454,jowar
80,26,57,7.59,589,jowar
72,32,39,6.65,545,jowar
94,33,37,7.23,627,jowar
53,32,41,6.2,598,jowar
58,33,46,6.92,612,jowar
78,42,47,7.67,627,jowar
82,28,53,7.44,559,jowar
73,41,40,7.41,583,jowar
72,33,48,7.45,490,jowar
90,40,51,5.55,488,jowar
112,34,59,5.57,676,jowar
90,36,47,6.13,637,jowar
79,31,56,7.17,465,jowar
73,42,58,7.19,525,jowar
63,25,53,6.4,489,jowar
78,43,43,8.1,754,jowar
73,39,42,6.77,658,jowar
85,35,56,5.88,560,jowar
102,38,52,7.3,463,jowar
77,33,73,6.14,529,jowar
73,19,48,7.11,766,jowar
69,29,59,6.16,364,jowar
39,39,34,5.84,745,jowar
76,29,63,6.41,359,jowar
91,34,40,6.71,490,jowar
72,33,38,7.72,217,jowar
81,34,51,5.94,665,jowar
106,32,34,6.7,649,jowar
89,24,51,6.23,680,jowar
99,37,43,5.79,477,jowar
70,43,64,6.36,580,jowar
66,21,56,7.18,558,jowar
77,39,44,6.3,672,jowar
92,26,54,5.96,865,jowar
79,25,43,7.22,664,jowar
80,32,43,6.32,565,jowar
78,35,66,6.07,738,jowar
95,28,40,7.22,481,jowar
77,32,41,5.97,615,jowar
75,23,72,5.46,769,jowar
98,28,49,6.08,422,jowar
64,38,42,6.43,471,jowar
85,35,48,6.64,587,jowar
66,29,59,7.35,715,jowar
86,42,62,7.51,557,jowar
115,28,67,7.57,603,jowar
73,35,67,6.79,415,jowar
88,32,45,6.66,526,jowar
59,30,42,6.53,732,jowar
87,24,59,6.74,531,jowar
85,35,53,7.46,591,jowar
77,36,46,7.35,719,jowar
69,33,49,7.41,545,jowar
87,28,58,6.96,549,jowar
88,39,48,6.53,422,jowar
93,38,35,6.05,644,jowar
117,34,53,7.45,611,jowar
71,26,46,6.55,711,jowar
101,31,56,6.6,744,jowar
84,42,55,6.79,553,jowar
80,30,49,6.33,748,jowar
74,24,53,5.99,436,jowar
71,29,52,6.42,579,jowar
99,24,39,6.73,483,jowar
71,35,57,6.69,787,jowar
65,33,67,7.32,693,jowar
101,38,74,6.47,438,jowar
70,35,56,8.71,462,jowar
59,38,45,7.5,617,jowar
80,28,42,6.03,529,jowar
82,39,28,7.17,731,jowar
79,14,48,6.53,464,jowar
79,35,52,8.05,658,jowar
78,31,40,7.33,556,jowar
85,28,47,7.91,426,jowar
94,38,42,7.0,508,jowar
76,37,34,7.1,673,jowar
63,28,58,6.56,531,jowar
79,32,48,7.64,649,jowar
68,35,48,6.66,363,jowar
83,32,58,7.43,648,jowar
104,18,59,7.75,730,jowar
59,20,54,5.11,654,jowar
95,38,55,5.62,433,jowar
58,32,45,5.82,561,jowar
66,22,53,7.91,365,jowar
96,29,33,7.87,663,jowar
88,38,22,6.53,530,jowar
71,31,62,6.67,457,jowar
84,34,55,6.69,599,jowar
80,37,30,6.78,636,jowar
113,31,62,6.54,721,jowar
81,25,48,5.35,710,jowar
85,24,62,6.83,635,jowar
82,27,52,6.42,568,jowar
90,26,40,7.84,619,jowar
89,33,44,6.25,482,jowar
53,27,31,6.95,496,jowar
97,27,57,7.11,471,jowar
94,34,45,6.88,607,jowar
105,34,55,7.61,455,jowar
91,25,47,6.56,591,jowar
69,41,54,6.28,483,jowar
75,38,35,6.65,449,jowar
110,32,48,6.01,667,jowar
103,35,62,7.65,525,jowar
80,23,70,5.82,612,jowar
53,34,46,6.73,625,jowar
77,27,53,6.46,578,jowar
71,24,51,5.99,509,jowar
80,32,63,7.1,428,bajra
44,32,52,6.85,489,bajra
65,34,34,6.68,390,bajra
61,21,35,6.37,525,bajra
65,18,36,6.31,488,bajra
56,33,42,7.51,622,bajra
68,34,43,7.1,149,bajra
75,31,55,8.32,477,bajra
77,34,45,6.69,379,bajra
44,20,57,6.34,347,bajra
82,29,49,6.68,604,bajra
90,25,56,6.5,382,bajra
82,37,70,6.93,418,bajra
96,39,49,6.37,527,bajra
59,27,42,6.7,524,bajra
77,20,65,7.27,347,bajra
81,32,40,7.25,535,bajra
90,24,62,6.51,381,bajra
72,31,48,7.21,324,bajra
53,36,38,6.47,271,bajra
54,25,39,6.73,459,bajra
69,26,42,5.73,452,bajra
97,31,32,6.79,551,bajra
63,47,47,8.62,345,bajra
66,34,35,6.09,393,bajra
86,28,39,6.93,434,bajra
58,38,42,6.66,514,bajra
73,31,54,7.43,459,bajra
72,26,37,6.45,286,bajra
81,32,43,5.32,373,bajra
101,17,37,6.78,437,bajra
98,24,43,5.3,548,bajra
92,26,30,6.49,421,bajra
100,27,55,8.01,363,bajra
78,35,48,7.76,464,bajra
65,32,67,7.46,287,bajra
60,27,44,7.68,219,bajra
75,25,24,7.02,495,bajra
58,33,49,7.38,525,bajra
81,17,64,6.38,423,bajra
81,36,35,5.71,445,bajra
47,32,50,7.03,348,bajra
90,22,35,6.62,187,bajra
86,31,47,7.76,440,bajra
80,29,28,7.09,472,bajra
68,29,31,6.78,444,bajra
76,26,64,6.6,390,bajra
56,17,32,7.16,348,bajra
57,31,54,6.64,372,bajra
91,29,41,6.51,423,bajra
99,40,41,6.0,216,bajra
60,24,48,7.15,286,bajra
96,30,35,6.21,440,bajra
89,25,39,7.13,438,bajra
34,35,40,6.24,326,bajra
88,36,42,6.94,369,bajra
73,33,54,6.2,382,bajra
78,25,49,6.39,409,bajra
38,37,50,6.76,598,bajra
50,35,42,5.57,215,bajra
85,28,44,5.01,491,bajra
68,20,59,6.04,329,bajra
74,32,41,7.1,350,bajra
69,24,33,7.07,382,bajra
62,32,37,7.24,336,bajra
34,27,37,6.55,415,bajra
72,30,43,6.23,540,bajra
63,31,35,5.1,368,bajra
92,38,60,5.86,337,bajra
106,35,37,6.53,396,bajra
39,36,50,6.28,423,bajra
47,27,35,8.86,369,bajra
93,24,54,6.96,382,bajra
64,33,37,7.16,350,bajra
76,37,47,5.78,532,bajra
60,30,52,5.59,297,bajra
65,36,54,7.24,328,bajra
80,22,36,7.26,543,bajra
75,27,49,6.85,450,bajra
65,21,55,6.41,520,bajra
94,28,55,6.41,230,bajra
48,29,41,6.13,348,bajra
66,26,27,7.5,367,bajra
87,35,25,7.02,398,bajra
100,29,54,6.76,489,bajra
81,28,54,6.51,447,bajra
59,30,33,6.61,479,bajra
73,23,37,5.62,445,bajra
75,31,37,6.7,373,bajra
52,39,50,8.08,396,bajra
72,37,41,6.23,516,bajra
68,22,41,7.43,533,bajra
54,23,57,7.09,387,bajra
38,23,40,5.96,450,bajra
78,20,64,5.72,378,bajra
59,25,25,7.01,403,bajra
70,28,36,7.1,440,bajra
67,32,39,7.46,373,bajra
66,30,38,7.23,393,bajra
70,49,34,6.03,515,bajra
63,19,56,6.53,417,bajra
65,37,38,8.27,452,bajra
78,38,63,6.13,492,bajra
49,26,44,7.34,333,bajra
67,35,36,7.79,482,bajra
67,31,50,6.21,404,bajra
63,25,34,5.98,525,bajra
77,27,40,7.33,308,bajra
68,38,43,8.12,425,bajra
76,25,24,7.28,274,bajra
103,36,60,7.29,267,bajra
62,31,41,6.74,544,bajra
91,22,39,6.31,532,bajra
85,30,39,7.29,500,bajra
71,24,27,6.95,317,bajra
63,34,51,6.42,349,bajra
66,23,38,7.09,513,bajra
100,34,39,7.09,290,bajra
72,37,34,6.75,584,bajra
60,24,17,6.75,439,bajra
119,50,44,6.81,615,maize
115,46,56,6.73,831,maize
145,37,64,6.66,639,maize
114,50,61,7.39,619,maize
94,52,57,6.61,680,maize
109,52,59,7.21,720,maize
118,48,60,7.02,677,maize
107,43,60,6.54,711,maize
136,50,75,6.29,667,maize
96,40,61,6.66,657,maize
125,40,53,5.9,707,maize
102,49,51,6.16,592,maize
145,46,48,5.97,680,maize
152,26,56,6.43,615,maize
118,43,41,6.21,697,maize
126,56,51,5.89,696,maize
124,41,71,6.22,571,maize
118,34,46,6.92,650,maize
105,35,70,6.79,533,maize
120,46,70,6.18,607,maize
131,24,67,6.72,651,maize
131,26,40,6.92,539,maize
96,60,44,6.65,628,maize
110,50,33,6.85,461,maize
71,48,60,6.03,591,maize
74,28,63,6.66,587,maize
100,46,66,5.9,546,maize
107,48,60,5.96,578,maize
134,48,45,6.47,530,maize
80,60,35,6.48,598,maize
125,56,58,6.24,851,maize
143,42,75,6.99,612,maize
107,35,58,6.38,465,maize
97,33,63,6.47,740,maize
130,39,61,6.7,552,maize
117,52,52,5.81,708,maize
158,49,69,6.18,731,maize
87,50,50,6.41,645,maize
85,56,60,6.83,830,maize
87,49,57,6.44,728,maize
105,44,55,6.53,567,maize
119,37,55,6.54,545,maize
117,53,70,6.19,701,maize
87,35,44,7.25,627,maize
114,57,65,7.43,570,maize
104,42,47,6.04,719,maize
131,40,60,6.98,626,maize
149,45,46,6.68,700,maize
101,42,72,6.43,715,maize
99,49,62,6.66,372,maize
110,43,57,6.39,699,maize
131,50,48,6.41,681,maize
94,40,73,6.86,583,maize
134,44,59,6.57,505,maize
119,48,73,7.77,579,maize
123,41,43,6.26,714,maize
127,47,49,5.99,678,maize
115,35,73,6.15,719,maize
94,46,56,6.09,653,maize
121,50,73,5.81,704,maize
104,42,67,6.78,679,maize
105,48,48,6.59,553,maize
124,42,67,6.47,721,maize
120,37,56,5.64,615,maize
153,47,67,7.28,715,maize
118,43,73,6.52,483,maize
102,31,66,6.45,572,maize
129,54,74,5.87,595,maize
106,34,58,6.35,486,maize
108,42,50,6.74,629,maize
142,53,70,5.6,553,maize
100,45,73,7.1,733,maize
136,48,36,6.36,680,maize
129,47,78,6.4,522,maize
134,46,52,6.83,581,maize
104,46,77,5.41,683,maize
118,46,44,7.03,526,maize
126,59,64,6.24,711,maize
108,32,66,6.21,765,maize
92,46,53,6.46,732,maize
124,36,61,6.68,594,maize
131,42,53,6.71,645,maize
121,40,67,6.59,513,maize
118,58,52,6.7,595,maize
99,44,60,6.82,501,maize
114,49,77,6.43,623,maize
140,52,58,5.89,679,maize
81,44,65,5.89,602,maize
132,44,59,7.67,573,maize
129,41,56,6.16,727,maize
93,34,72,5.31,743,maize
123,47,48,7.15,712,maize
119,39,72,5.77,513,maize
146,57,67,5.86,683,maize
145,40,61,6.47,587,maize
78,47,72,7.15,609,maize
85,51,66,6.57,615,maize
79,44,36,7.31,748,maize
88,42,63,6.42,583,maize
126,44,59,6.68,604,maize
138,51,57,7.01,606,maize
112,45,72,6.87,488,maize
105,50,51,6.01,657,maize
173,52,70,6.25,545,maize
89,48,63,6.15,853,maize
120,43,68,7.48,624,maize
128,40,45,6.5,622,maize
128,32,57,6.52,714,maize
135,30,61,7.02,611,maize
129,36,58,6.68,541,maize
98,47,56,6.12,674,maize
111,37,58,6.93,751,maize
92,42,64,5.97,663,maize
103,51,51,6.33,569,maize
158,52,65,6.09,755,maize
147,55,44,5.65,669,maize
107,40,79,6.26,863,maize
127,46,67,6.23,655,maize
122,49,67,7.02,751,maize
104,26,77,6.06,459,maize
77,33,52,6.5,640,ragi
75,33,59,5.83,537,ragi
62,42,63,6.69,736,ragi
69,31,60,5.8,682,ragi
104,27,35,5.7,716,ragi
73,26,46,6.65,712,ragi
84,44,59,6.34,451,ragi
61,34,60,5.57,575,ragi
92,26,51,5.29,711,ragi
66,22,49,5.76,695,ragi
85,28,49,5.49,806,ragi
84,39,49,6.66,752,ragi
85,35,48,6.74,582,ragi
81,25,46,5.32,429,ragi
71,47,51,5.8,551,ragi
74,29,29,7.08,764,ragi
94,33,53,6.1,592,ragi
91,27,69,6.14,683,ragi
83,35,38,6.53,670,ragi
100,23,51,6.27,495,ragi
71,32,42,7.27,573,ragi
70,33,66,6.62,640,ragi
76,35,68,6.7,716,ragi
47,24,47,5.52,613,ragi
76,46,54,6.24,782,ragi
65,20,46,7.13,563,ragi
74,43,54,7.09,590,ragi
78,28,46,7.06,757,ragi
70,34,40,6.24,799,ragi
62,27,53,5.7,702,ragi
87,38,55,6.42,675,ragi
114,32,30,7.06,614,ragi
45,27,50,6.76,928,ragi
69,27,48,6.39,647,ragi
115,17,37,6.5,539,ragi
105,26,55,6.35,649,ragi
58,40,55,6.48,632,ragi
109,37,59,5.06,787,ragi
82,26,40,7.35,714,ragi
88,25,50,6.32,583,ragi
62,45,49,5.75,719,ragi
98,39,65,6.59,726,ragi
84,39,47,5.92,620,ragi
94,30,44,6.46,655,ragi
85,35,42,6.07,799,ragi
58,26,78,6.83,765,ragi
73,27,46,6.56,648,ragi
62,31,56,6.03,609,ragi
86,37,39,6.4,767,ragi
76,31,48,5.3,631,ragi
90,34,35,5.29,620,ragi
51,32,54,6.83,761,ragi
86,41,58,6.59,654,ragi
100,22,53,6.51,822,ragi
84,38,56,5.95,729,ragi
95,34,53,6.86,676,ragi
69,27,47,5.13,516,ragi
114,30,60,6.96,381,ragi
71,19,61,6.82,604,ragi
126,40,40,7.11,577,ragi
86,39,49,6.57,609,ragi
98,33,39,6.4,607,ragi
56,41,61,5.79,597,ragi
64,43,31,6.61,649,ragi
62,31,50,5.7,596,ragi
74,27,38,7.25,757,ragi
87,30,66,5.46,595,ragi
109,29,41,6.2,868,ragi
55,34,59,5.83,854,ragi
94,26,34,5.56,732,ragi
87,38,56,6.34,659,ragi
94,44,58,6.39,626,ragi
84,23,52,5.85,684,ragi
106,37,40,5.56,733,ragi
67,41,59,6.87,542,ragi
87,32,61,4.9,675,ragi
79,37,40,6.67,748,ragi
53,41,36,6.06,752,ragi
61,32,53,5.9,721,ragi
88,45,42,6.09,756,ragi
77,35,58,6.39,747,ragi
75,30,77,6.48,613,ragi
49,26,42,5.97,658,ragi
71,50,48,6.16,701,ragi
63,34,54,6.5,653,ragi
94,33,52,7.12,542,ragi
99,34,61,6.95,685,ragi
117,25,42,6.13,621,ragi
98,34,30,5.42,736,ragi
85,34,46,5.9,842,ragi
65,38,53,6.63,738,ragi
95,29,60,7.0,643,ragi
111,30,33,6.07,702,ragi
66,30,49,6.26,716,ragi
76,44,57,7.23,612,ragi
53,23,74,6.37,566,ragi
70,42,42,5.53,556,ragi
85,25,27,6.05,622,ragi
49,35,26,6.51,780,ragi
64,40,53,6.18,900,ragi
76,29,57,5.25,673,ragi
91,31,42,5.99,499,ragi
72,28,35,5.42,614,ragi
91,36,49,7.07,651,ragi
90,25,58,6.49,703,ragi
60,35,59,6.45,634,ragi
78,26,35,7.07,732,ragi
77,45,51,5.37,683,ragi
92,30,51,5.97,707,ragi
93,28,58,6.74,547,ragi
61,32,51,6.01,735,ragi
83,40,44,6.48,702,ragi
53,29,43,6.51,594,ragi
79,25,51,6.85,815,ragi
89,29,47,5.21,635,ragi
78,34,57,7.31,795,ragi
93,33,40,5.76,656,ragi
101,37,48,6.03,847,ragi
108,35,50,5.74,642,ragi
76,25,62,4.89,895,ragi
69,59,53,6.48,379,chickpea
55,46,52,7.16,354,chickpea
83,47,46,7.25,376,chickpea
68,42,54,7.98,348,chickpea
62,45,51,6.64,289,chickpea
84,39,37,6.3,345,chickpea
62,48,65,7.36,345,chickpea
83,35,46,7.6,273,chickpea
69,49,36,7.04,364,chickpea
85,56,41,6.84,344,chickpea
60,41,39,6.85,318,chickpea
71,44,57,7.08,352,chickpea
64,38,40,6.47,274,chickpea
90,43,40,7.43,315,chickpea
55,31,47,6.75,387,chickpea
45,50,56,8.27,374,chickpea
44,44,60,6.77,252,chickpea
51,32,53,6.71,391,chickpea
47,58,76,7.07,352,chickpea
81,44,31,7.15,296,chickpea
87,45,50,7.25,415,chickpea
72,49,58,8.02,313,chickpea
74,46,71,7.27,381,chickpea
72,47,42,7.99,304,chickpea
76,45,57,7.81,308,chickpea
45,45,57,6.57,426,chickpea
62,43,37,6.47,387,chickpea
77,39,40,6.86,304,chickpea
75,51,48,6.81,328,chickpea
79,51,48,6.86,255,chickpea
62,37,51,6.93,286,chickpea
71,55,64,6.88,384,chickpea
63,49,43,6.86,385,chickpea
61,44,62,6.83,471,chickpea
74,40,57,7.91,383,chickpea
75,23,67,7.01,397,chickpea
77,54,38,7.99,328,chickpea
70,59,49,7.4,375,chickpea
50,37,60,7.02,385,chickpea
95,44,41,6.71,355,chickpea
82,36,54,7.03,369,chickpea
57,49,59,7.35,425,chickpea
40,32,50,7.15,424,chickpea
50,32,46,7.17,349,chickpea
66,38,42,6.93,415,chickpea
77,59,39,6.77,349,chickpea
76,37,64,6.94,307,chickpea
67,51,58,6.2,393,chickpea
55,50,60,6.86,315,chickpea
77,32,71,6.42,366,chickpea
61,63,28,7.54,363,chickpea
58,43,55,6.94,386,chickpea
72,44,33,7.16,334,chickpea
57,34,43,7.04,343,chickpea
79,40,60,6.91,349,chickpea
62,39,47,7.19,308,chickpea
47,46,61,7.55,345,chickpea
61,42,50,7.08,363,chickpea
54,32,58,6.24,368,chickpea
77,51,64,7.02,348,chickpea
74,40,54,6.64,378,chickpea
57,35,43,6.7,279,chickpea
61,65,34,7.79,402,chickpea
78,31,54,6.8,408,chickpea
62,35,53,6.73,353,chickpea
83,50,28,6.44,338,chickpea
90,56,65,7.48,348,chickpea
69,42,64,6.3,260,chickpea
92,61,55,6.97,280,chickpea
69,54,53,6.65,399,chickpea
83,51,31,7.8,343,chickpea
78,45,49,7.79,283,chickpea
92,35,48,7.34,439,chickpea
62,54,47,6.59,363,chickpea
88,46,56,6.74,367,chickpea
58,46,44,6.48,408,chickpea
77,41,62,6.45,290,chickpea
72,41,34,7.03,373,chickpea
63,31,62,6.89,384,chickpea
51,46,58,6.99,390,chickpea
51,51,49,6.56,343,chickpea
82,36,34,7.5,307,chickpea
55,42,29,6.86,407,chickpea
75,44,51,6.83,298,chickpea
57,50,62,7.55,378,chickpea
73,32,62,7.18,343,chickpea
74,41,38,6.27,312,chickpea
45,43,44,6.42,250,chickpea
81,56,67,7.33,395,chickpea
67,48,50,5.84,395,chickpea
105,30,40,6.98,300,chickpea
62,28,61,7.26,356,chickpea
50,44,56,7.55,339,chickpea
76,46,54,6.89,351,chickpea
37,55,56,6.51,341,chickpea
61,33,54,7.2,328,chickpea
52,43,74,6.7,389,chickpea
84,47,44,6.85,361,chickpea
53,48,42,6.83,333,chickpea
97,33,57,7.19,367,chickpea
61,41,71,8.14,341,chickpea
91,40,45,6.91,370,chickpea
64,45,43,7.27,292,chickpea
61,55,48,6.83,388,chickpea
66,48,62,6.58,399,chickpea
81,45,61,7.15,337,chickpea
56,41,71,6.77,330,chickpea
81,52,41,7.42,417,chickpea
72,26,56,5.74,257,chickpea
47,47,39,7.11,374,chickpea
53,34,51,7.01,359,chickpea
57,43,40,7.3,331,chickpea
45,52,49,6.57,314,chickpea
57,41,41,7.01,289,chickpea
52,50,40,7.21,318,chickpea
75,54,60,5.87,320,chickpea
57,44,41,6.33,361,chickpea
82,47,46,7.65,416,chickpea
43,46,50,6.37,276,chickpea
82,40,62,6.64,325,chickpea
58,37,47,7.68,864,toor
57,39,44,6.76,862,toor
56,36,61,5.99,798,toor
43,43,47,6.5,728,toor
47,41,49,7.01,838,toor
63,52,41,7.44,696,toor
59,41,52,7.2,865,toor
55,45,66,6.78,916,toor
53,34,47,7.14,945,toor
68,50,67,7.34,898,toor
77,46,57,7.17,762,toor
86,54,64,7.48,749,toor
57,47,64,6.38,1018,toor
62,36,58,7.11,873,toor
58,44,55,7.83,815,toor
56,40,44,7.57,759,toor
53,46,46,6.44,748,toor
53,52,61,7.31,603,toor
66,52,56,7.04,747,toor
61,54,58,7.14,780,toor
79,42,50,7.65,872,toor
66,50,47,6.86,666,toor
50,48,44,6.58,877,toor
69,44,45,6.98,625,toor
41,49,50,7.39,724,toor
50,46,83,7.86,997,toor
82,39,39,7.25,805,toor
56,51,51,6.79,778,toor
66,36,53,7.03,858,toor
62,44,46,7.64,688,toor
74,53,51,6.37,674,toor
57,52,34,6.97,647,toor
62,41,41,6.2,860,toor
67,59,43,5.73,770,toor
81,52,58,7.16,725,toor
79,43,58,7.89,936,toor
68,48,54,7.97,747,toor
46,49,49,6.4,992,toor
74,49,28,6.61,687,toor
52,38,47,6.48,837,toor
72,42,42,7.91,615,toor
62,47,37,7.05,873,toor
52,49,55,6.99,851,toor
46,38,47,6.92,619,toor
58,48,42,7.45,863,toor
69,41,30,7.27,1037,toor
59,32,40,6.75,748,toor
71,50,53,7.08,943,toor
34,60,36,6.39,670,toor
70,42,44,6.83,641,toor
92,48,55,6.78,786,toor
68,45,54,7.1,892,toor
72,32,57,7.35,652,toor
73,48,41,7.63,827,toor
76,43,65,7.38,685,toor
65,55,64,6.3,800,toor
66,49,51,6.98,909,toor
76,53,45,6.28,764,toor
60,43,51,7.9,991,toor
55,53,64,6.41,701,toor
85,36,55,6.43,627,toor
52,48,64,6.93,925,toor
71,37,33,7.21,681,toor
46,45,45,6.77,730,toor
55,46,54,6.05,641,toor
27,43,58,6.52,827,toor
67,47,46,7.74,788,toor
60,43,53,7.84,721,toor
78,42,43,8.01,908,toor
51,43,52,5.13,902,toor
65,51,33,7.33,639,toor
35,46,60,7.74,646,toor
60,45,56,6.29,664,toor
81,43,39,7.82,885,toor
83,39,32,6.67,826,toor
70,40,36,6.68,791,toor
82,50,62,6.59,783,toor
62,38,47,6.48,765,toor
62,55,57,7.27,758,toor
63,50,63,7.18,926,toor
63,59,46,7.09,824,toor
44,54,43,7.31,874,toor
68,51,53,6.86,607,toor
64,45,62,7.31,705,toor
67,51,32,6.33,649,toor
48,50,34,7.03,826,toor
65,50,43,6.51,829,toor
63,58,39,7.08,792,toor
71,47,43,7.05,664,toor
60,38,52,6.71,695,toor
61,45,73,6.45,800,toor
79,54,58,7.11,924,toor
63,48,48,6.97,786,toor
60,56,53,7.4,878,toor
36,42,62,6.64,924,toor
81,40,39,7.65,753,toor
83,52,56,7.67,633,toor
59,44,48,6.22,785,toor
60,46,73,7.99,851,toor
83,51,60,7.86,894,toor
58,44,57,7.04,935,toor
60,36,44,6.55,790,toor
71,39,64,6.74,782,toor
75,37,46,6.91,801,toor
56,48,55,6.51,812,toor
59,46,32,6.88,656,toor
54,34,53,6.39,627,toor
85,40,53,7.3,888,toor
64,27,44,6.42,777,toor
90,41,61,7.49,806,toor
66,32,59,7.61,745,toor
74,41,53,6.7,768,toor
54,53,54,7.73,875,toor
66,47,56,7.27,856,toor
67,40,50,7.59,602,toor
49,54,53,7.4,702,toor
67,39,60,7.09,1000,toor
75,41,35,6.63,671,toor
71,49,48,6.11,647,toor
80,42,68,7.51,749,toor
76,46,65,6.77,487,groundnut
78,49,43,6.35,488,groundnut
77,39,49,6.28,598,groundnut
92,43,68,6.38,539,groundnut
86,35,24,5.72,510,groundnut
86,43,59,6.44,521,groundnut
101,48,40,5.3,700,groundnut
71,43,41,6.35,584,groundnut
95,50,48,6.93,665,groundnut
62,38,53,6.38,448,groundnut
56,25,37,6.36,624,groundnut
98,51,60,6.06,695,groundnut
90,46,35,5.89,591,groundnut
79,34,49,6.55,630,groundnut
97,40,58,6.05,660,groundnut
65,56,45,7.15,470,groundnut
66,38,57,6.62,564,groundnut
67,41,71,6.24,475,groundnut
74,52,73,5.61,553,groundnut
82,44,67,6.12,540,groundnut
54,52,45,6.12,609,groundnut
85,39,57,5.95,518,groundnut
102,52,40,6.07,498,groundnut
81,53,54,6.35,519,groundnut
102,52,66,5.74,467,groundnut
64,37,55,6.27,575,groundnut
77,58,40,6.38,553,groundnut
78,45,63,5.73,548,groundnut
65,48,35,6.47,507,groundnut
63,42,45,6.22,528,groundnut
81,26,61,6.54,435,groundnut
124,55,58,5.87,623,groundnut
92,58,63,6.15,621,groundnut
92,51,65,6.63,655,groundnut
111,41,57,5.64,578,groundnut
68,28,55,6.25,408,groundnut
65,45,53,6.54,637,groundnut
89,49,72,6.95,477,groundnut
94,46,54,6.53,610,groundnut
84,54,56,6.89,544,groundnut
110,55,52,6.39,476,groundnut
108,25,74,6.07,712,groundnut
64,29,54,6.65,414,groundnut
72,49,64,6.66,600,groundnut
84,59,57,6.21,627,groundnut
74,45,54,6.21,562,groundnut
97,47,43,6.47,482,groundnut
83,45,47,5.68,511,groundnut
79,36,47,6.0,597,groundnut
90,46,74,6.74,546,groundnut
78,40,65,6.34,496,groundnut
70,44,59,6.23,648,groundnut
83,43,57,5.79,437,groundnut
84,44,47,6.7,509,groundnut
78,39,60,6.21,437,groundnut
98,47,37,6.69,587,groundnut
68,48,60,6.59,602,groundnut
89,36,44,6.51,483,groundnut
79,40,59,5.81,547,groundnut
101,38,40,5.97,519,groundnut
70,48,53,6.07,510,groundnut
94,52,44,7.0,513,groundnut
95,43,56,5.83,556,groundnut
88,45,52,6.54,557,groundnut
82,54,64,5.91,464,groundnut
92,43,54,5.91,554,groundnut
44,46,47,6.31,533,groundnut
88,51,37,6.68,523,groundnut
97,65,77,5.3,498,groundnut
64,35,48,6.57,578,groundnut
76,41,50,6.52,445,groundnut
66,36,72,6.29,592,groundnut
95,54,43,6.59,683,groundnut
62,37,46,6.14,486,groundnut
78,57,72,5.94,635,groundnut
53,45,51,5.78,529,groundnut
33,40,61,6.19,419,groundnut
104,50,44,6.29,562,groundnut
70,58,64,6.44,590,groundnut
78,50,62,5.59,541,groundnut
60,43,46,6.17,697,groundnut
70,54,51,5.94,428,groundnut
71,55,65,6.17,450,groundnut
68,40,59,6.22,587,groundnut
91,49,67,5.9,708,groundnut
85,37,53,6.56,504,groundnut
76,28,54,6.99,576,groundnut
67,43,63,5.9,436,groundnut
82,48,52,5.92,578,groundnut
85,39,67,6.95,558,groundnut
88,47,76,6.03,496,groundnut
75,46,65,5.99,550,groundnut
87,45,41,5.49,720,groundnut
63,32,54,5.98,594,groundnut
74,43,69,6.15,433,groundnut
79,49,70,6.49,539,groundnut
69,44,65,6.67,538,groundnut
103,51,63,6.08,491,groundnut
67,38,57,5.32,610,groundnut
62,38,56,5.93,439,groundnut
80,37,34,5.32,462,groundnut
89,47,60,6.2,603,groundnut
74,34,55,5.94,529,groundnut
99,30,67,6.68,555,groundnut
90,34,48,5.98,565,groundnut
94,31,60,6.03,605,groundnut
91,47,80,6.12,541,groundnut
116,53,42,6.44,486,groundnut
104,50,64,5.87,506,groundnut
69,32,58,6.87,415,groundnut
68,50,66,6.35,532,groundnut
79,48,72,5.98,546,groundnut
86,44,39,5.94,554,groundnut
101,47,64,5.74,677,groundnut
88,43,53,5.68,531,groundnut
72,57,67,6.69,632,groundnut
51,49,59,6.45,604,groundnut
85,43,47,6.67,522,groundnut
64,46,45,6.3,508,groundnut
105,43,44,6.29,536,groundnut
51,32,60,7.31,543,sesame
87,30,46,7.44,461,sesame
72,39,55,6.46,576,sesame
60,47,71,6.87,535,sesame
63,38,57,7.2,526,sesame
71,28,32,7.91,500,sesame
73,35,43,6.76,601,sesame
86,39,60,6.17,485,sesame
46,44,41,6.9,572,sesame
66,41,37,5.59,536,sesame
42,45,41,7.0,540,sesame
70,32,54,6.46,383,sesame
60,39,67,8.49,458,sesame
70,37,45,6.71,435,sesame
68,41,57,6.88,687,sesame
60,44,57,6.97,605,sesame
65,39,50,6.45,516,sesame
86,46,64,6.38,523,sesame
58,40,34,6.82,681,sesame
56,38,52,6.8,484,sesame
68,32,61,5.86,526,sesame
69,42,49,7.31,401,sesame
49,40,49,6.25,553,sesame
73,43,67,6.15,396,sesame
80,37,52,6.42,572,sesame
77,35,63,6.79,554,sesame
98,43,36,6.25,553,sesame
80,43,48,6.32,474,sesame
65,39,58,6.45,519,sesame
54,34,55,7.12,518,sesame
70,45,57,7.43,439,sesame
67,18,36,7.21,523,sesame
74,23,47,7.05,482,sesame
46,38,45,7.03,493,sesame
52,37,63,6.89,598,sesame
75,34,55,6.69,513,sesame
67,35,47,7.38,587,sesame
57,30,53,6.87,539,sesame
34,37,29,7.76,508,sesame
71,21,70,6.68,516,sesame
64,49,49,6.96,526,sesame
71,35,31,7.01,440,sesame
61,40,44,8.06,463,sesame
51,34,57,5.78,500,sesame
82,40,42,6.34,527,sesame
94,38,47,7.62,473,sesame
59,31,50,7.47,468,sesame
58,41,38,6.68,511,sesame
70,43,57,7.47,567,sesame
61,45,44,6.06,533,sesame
60,43,50,6.87,468,sesame
61,41,49,7.67,437,sesame
75,46,41,7.71,456,sesame
74,34,67,6.67,440,sesame
50,39,51,7.53,518,sesame
63,40,56,6.23,591,sesame
71,34,61,7.16,673,sesame
72,34,50,6.2,508,sesame
65,46,55,6.59,604,sesame
92,35,38,7.03,579,sesame
75,34,50,6.73,408,sesame
65,39,46,7.96,542,sesame
59,39,59,6.3,581,sesame
66,34,56,6.28,549,sesame
73,36,44,5.75,570,sesame
82,43,57,6.37,546,sesame
62,36,57,7.07,562,sesame
60,45,48,7.58,380,sesame
52,47,51,7.31,569,sesame
50,38,61,7.45,532,sesame
59,34,48,5.72,537,sesame
57,44,54,6.18,501,sesame
59,40,54,6.15,362,sesame
74,39,73,6.02,609,sesame
57,40,46,5.74,471,sesame
74,37,32,6.24,534,sesame
75,35,48,6.99,576,sesame
58,39,43,7.08,507,sesame
63,35,52,6.89,522,sesame
43,32,62,6.01,560,sesame
41,25,56,7.35,453,sesame
87,35,55,7.06,633,sesame
68,36,64,6.0,444,sesame
50,40,51,6.64,543,sesame
61,43,44,6.93,531,sesame
65,43,35,6.37,538,sesame
45,36,42,7.73,535,sesame
55,40,40,7.81,482,sesame
63,44,33,6.53,454,sesame
77,33,47,6.39,561,sesame
62,35,28,6.43,477,sesame
64,46,52,6.63,610,sesame
48,37,64,7.95,525,sesame
73,22,64,6.76,499,sesame
87,31,50,7.37,602,sesame
43,38,47,6.15,431,sesame
71,36,47,6.37,530,sesame
60,46,52,7.23,576,sesame
61,48,42,6.42,572,sesame
70,46,56,6.44,509,sesame
85,44,45,5.87,432,sesame
73,43,40,6.4,520,sesame
68,40,53,7.76,443,sesame
48,43,23,7.19,545,sesame
77,35,59,6.79,549,sesame
60,30,40,6.2,558,sesame
81,45,45,5.69,492,sesame
69,39,57,6.42,560,sesame
58,37,56,6.2,468,sesame
79,31,45,7.35,456,sesame
75,36,45,7.56,486,sesame
85,30,41,6.92,491,sesame
101,41,41,6.74,524,sesame
71,42,44,7.22,519,sesame
55,40,49,6.64,536,sesame
66,40,40,6.15,502,sesame
41,27,41,6.4,579,sesame
78,32,49,5.93,599,sesame
54,26,47,6.76,558,sesame
66,37,58,6.97,546,sesame
131,43,39,7.19,391,mustard
110,46,37,7.84,403,mustard
81,54,55,6.93,508,mustard
118,37,66,6.36,303,mustard
71,46,49,7.67,452,mustard
91,57,66,7.18,389,mustard
101,41,52,7.69,468,mustard
93,57,51,7.31,357,mustard
98,39,49,7.59,435,mustard
81,46,58,7.72,433,mustard
103,47,37,6.12,373,mustard
57,59,60,7.44,410,mustard
110,30,46,7.53,465,mustard
99,45,44,7.53,344,mustard
50,31,53,8.58,346,mustard
89,46,49,7.21,394,mustard
100,49,54,7.39,404,mustard
68,44,43,7.66,334,mustard
88,37,54,7.72,396,mustard
82,43,53,8.29,421,mustard
128,53,33,7.92,421,mustard
65,41,57,5.79,371,mustard
105,33,45,6.94,448,mustard
101,40,62,7.48,423,mustard
69,43,73,7.0,410,mustard
96,45,73,8.05,355,mustard
108,51,42,6.88,406,mustard
93,52,52,7.62,418,mustard
95,52,76,6.47,379,mustard
105,37,45,7.49,460,mustard
89,61,68,8.74,444,mustard
62,54,70,6.35,309,mustard
96,45,58,7.21,446,mustard
140,38,51,6.7,491,mustard
96,36,52,7.14,485,mustard
73,50,71,6.49,459,mustard
90,60,48,6.84,334,mustard
104,47,57,7.34,425,mustard
116,38,57,7.2,460,mustard
102,49,63,6.85,328,mustard
81,43,52,6.62,362,mustard
100,53,41,8.04,439,mustard
86,58,36,7.78,420,mustard
102,42,70,6.86,388,mustard
115,60,65,7.16,420,mustard
94,43,67,8.07,463,mustard
81,37,63,6.89,350,mustard
87,45,44,6.56,507,mustard
102,43,70,7.13,313,mustard
75,44,64,7.13,404,mustard
84,58,53,6.96,386,mustard
88,47,54,7.02,340,mustard
87,56,49,7.54,397,mustard
68,46,49,8.19,353,mustard
95,45,52,6.27,407,mustard
87,44,64,6.62,354,mustard
93,39,73,7.55,310,mustard
71,56,38,7.86,456,mustard
80,59,67,6.5,530,mustard
88,45,63,7.13,431,mustard
85,43,73,6.18,386,mustard
103,41,45,6.91,357,mustard
111,49,42,6.81,470,mustard
100,40,57,7.73,446,mustard
88,53,64,6.57,367,mustard
94,49,57,7.4,361,mustard
89,47,47,7.72,374,mustard
90,55,65,7.09,403,mustard
122,55,51,6.69,454,mustard
95,43,49,7.63,359,mustard
106,55,68,6.77,542,mustard
106,33,63,7.31,468,mustard
85,48,56,6.79,432,mustard
90,43,67,7.79,376,mustard
81,51,54,7.51,420,mustard
77,46,68,8.09,354,mustard
78,33,67,7.49,394,mustard
103,51,58,7.41,412,mustard
82,52,80,7.02,340,mustard
64,38,61,7.33,434,mustard
94,43,64,8.22,434,mustard
109,48,45,7.53,344,mustard
90,41,60,6.8,407,mustard
107,36,50,7.65,300,mustard
111,38,37,7.03,301,mustard
97,47,50,7.82,437,mustard
82,54,57,7.33,283,mustard
99,48,39,7.21,448,mustard
108,48,68,7.29,409,mustard
80,49,42,7.23,337,mustard
107,39,40,6.57,410,mustard
84,45,71,6.98,473,mustard
110,42,55,6.39,462,mustard
108,31,61,7.05,402,mustard
77,46,57,7.32,433,mustard
73,45,75,7.38,415,mustard
77,44,67,7.38,374,mustard
81,39,57,6.6,380,mustard
83,53,48,7.76,329,mustard
92,43,54,6.36,415,mustard
97,50,56,7.74,459,mustard
92,45,53,7.0,384,mustard
90,48,77,7.43,418,mustard
90,47,51,8.02,414,mustard
68,37,59,6.22,389,mustard
108,43,64,6.63,329,mustard
97,43,63,7.59,339,mustard
87,37,59,7.21,413,mustard
83,37,58,7.3,360,mustard
91,46,56,7.46,402,mustard
95,46,67,6.93,404,mustard
99,35,57,7.73,431,mustard
85,50,64,6.62,430,mustard
88,50,71,7.28,540,mustard
77,44,59,5.98,352,mustard
121,41,55,7.97,403,mustard
70,51,46,7.1,326,mustard
82,43,49,7.04,451,mustard
98,48,58,6.85,379,mustard
99,43,53,7.41,414,mustard
99,51,61,6.83,600,castor
94,39,45,7.05,584,castor
119,32,64,6.75,658,castor
63,42,47,6.84,590,castor
70,39,78,7.22,620,castor
89,48,57,6.92,650,castor
71,46,51,7.03,705,castor
105,43,74,6.7,538,castor
89,53,63,7.34,597,castor
114,48,50,7.22,785,castor
90,48,57,6.5,629,castor
100,45,62,6.66,532,castor
93,40,58,6.29,573,castor
106,36,76,6.69,531,castor
92,26,58,6.64,621,castor
90,42,76,7.07,548,castor
91,32,62,6.88,535,castor
83,35,64,7.33,677,castor
116,60,48,6.91,561,castor
94,37,69,6.22,563,castor
74,49,47,7.3,545,castor
101,46,53,6.7,613,castor
74,46,54,6.76,484,castor
83,46,47,7.08,452,castor
97,38,38,7.39,558,castor
107,30,68,7.33,720,castor
83,46,53,7.64,638,castor
97,31,51,7.45,580,castor
102,39,43,6.89,651,castor
79,37,64,6.67,745,castor
84,33,57,7.88,479,castor
96,53,54,6.09,499,castor
87,48,68,7.02,675,castor
69,42,56,7.46,560,castor
94,38,70,6.17,511,castor
73,43,63,6.4,610,castor
98,43,52,6.6,451,castor
121,43,64,7.14,693,castor
107,36,58,7.42,541,castor
70,34,53,6.41,608,castor
105,31,50,7.08,567,castor
104,43,53,5.68,420,castor
105,43,64,6.09,637,castor
108,36,67,7.23,423,castor
65,32,44,6.37,636,castor
96,46,33,5.61,615,castor
83,38,45,6.5,526,castor
67,42,53,6.4,640,castor
78,53,21,6.35,645,castor
114,48,40,6.12,696,castor
92,31,55,6.43,642,castor
119,29,50,6.79,669,castor
83,40,48,7.62,589,castor
107,39,65,7.6,544,castor
69,46,74,7.27,635,castor
89,27,50,6.46,574,castor
94,32,64,6.11,568,castor
92,46,71,7.35,475,castor
104,40,59,6.65,500,castor
100,45,47,6.65,540,castor
66,37,60,7.65,415,castor
93,53,54,7.39,641,castor
83,44,57,7.3,651,castor
96,31,54,6.87,530,castor
67,39,60,6.87,575,castor
52,53,55,7.09,701,castor
80,34,51,6.99,657,castor
97,38,60,7.4,601,castor
98,36,83,7.5,592,castor
100,55,55,7.05,619,castor
48,45,70,7.27,520,castor
105,40,41,6.97,612,castor
92,33,69,6.71,540,castor
93,47,62,7.23,641,castor
88,28,51,8.4,622,castor
95,55,54,6.54,523,castor
100,33,51,6.58,627,castor
81,39,68,7.42,600,castor
70,38,70,6.79,772,castor
62,35,41,6.55,602,castor
108,31,65,6.69,578,castor
94,40,51,6.59,586,castor
112,45,47,7.56,737,castor
76,36,50,7.31,645,castor
75,47,68,6.78,523,castor
95,48,67,7.43,480,castor
95,50,51,6.71,494,castor
96,51,86,6.49,474,castor
75,37,65,7.0,538,castor
100,28,46,7.24,718,castor
94,28,62,6.34,504,castor
96,38,58,6.97,573,castor
101,34,60,6.27,646,castor
100,43,68,7.31,663,castor
84,39,60,6.75,514,castor
132,51,64,7.03,585,castor
88,27,59,6.61,626,castor
100,34,60,6.99,674,castor
102,34,54,7.11,508,castor
85,47,68,6.79,595,castor
74,42,67,6.79,555,castor
93,31,52,6.98,535,castor
98,34,53,7.82,753,castor
103,36,51,7.87,631,castor
80,31,57,7.03,616,castor
86,42,67,7.39,547,castor
95,36,63,7.99,700,castor
96,46,46,7.33,774,castor
83,48,62,6.16,717,castor
77,53,62,7.31,545,castor
91,41,54,7.43,619,castor
103,47,64,6.99,644,castor
76,53,43,7.24,639,castor
110,23,30,7.56,632,castor
93,36,43,6.66,481,castor
108,44,54,7.75,529,castor
91,33,84,6.67,530,castor
75,39,50,7.4,609,castor
102,47,60,6.52,606,castor
74,47,51,6.48,568,castor
75,46,51,7.3,563,sunflower
83,45,87,6.73,704,sunflower
91,50,59,6.82,609,sunflower
83,48,55,7.08,470,sunflower
72,45,60,6.77,577,sunflower
88,43,70,6.99,596,sunflower
114,51,63,6.7,637,sunflower
110,46,72,5.94,574,sunflower
88,53,22,7.24,669,sunflower
105,39,60,6.89,645,sunflower
85,59,59,6.75,705,sunflower
93,50,71,7.11,678,sunflower
98,43,56,6.66,629,sunflower
105,41,56,7.19,863,sunflower
90,47,69,6.74,691,sunflower
69,51,54,5.87,682,sunflower
118,37,52,6.37,544,sunflower
97,45,54,6.48,736,sunflower
101,38,26,6.28,671,sunflower
95,49,39,6.75,561,sunflower
92,43,52,6.84,391,sunflower
71,49,34,6.77,654,sunflower
87,52,55,6.53,711,sunflower
105,43,55,6.74,672,sunflower
79,54,60,7.5,613,sunflower
77,50,65,7.27,636,sunflower
95,49,66,7.04,568,sunflower
100,44,40,6.73,625,sunflower
94,44,49,6.33,683,sunflower
102,50,39,7.03,477,sunflower
84,40,55,7.02,667,sunflower
87,47,44,6.71,706,sunflower
107,43,60,7.02,599,sunflower
88,39,47,6.72,740,sunflower
124,49,60,6.12,576,sunflower
74,35,53,7.65,599,sunflower
89,29,52,7.51,572,sunflower
90,35,63,6.82,646,sunflower
97,35,78,6.75,447,sunflower
65,51,47,6.92,572,sunflower
79,40,46,7.1,558,sunflower
83,50,48,6.64,637,sunflower
62,50,63,7.29,583,sunflower
77,37,47,8.1,582,sunflower
66,47,84,6.69,691,sunflower
64,45,40,6.93,559,sunflower
99,49,58,7.19,542,sunflower
80,51,58,6.83,738,sunflower
107,46,64,7.18,546,sunflower
86,44,63,6.52,620,sunflower
82,49,54,6.55,717,sunflower
104,57,50,6.98,626,sunflower
80,50,57,6.57,612,sunflower
78,37,63,7.05,562,sunflower
75,38,74,6.35,631,sunflower
95,45,66,7.04,509,sunflower
75,33,50,7.19,668,sunflower
94,47,65,7.35,608,sunflower
92,39,62,7.14,620,sunflower
90,49,59,7.28,738,sunflower
89,50,71,5.97,558,sunflower
106,42,55,5.39,606,sunflower
84,51,52,6.85,621,sunflower
102,48,67,6.78,744,sunflower
76,42,53,7.76,604,sunflower
88,42,66,6.47,539,sunflower
75,54,43,7.46,718,sunflower
98,35,61,6.51,544,sunflower
64,53,56,6.73,606,sunflower
93,39,50,7.31,687,sunflower
93,30,53,6.73,539,sunflower
69,35,68,6.97,666,sunflower
80,52,63,7.24,514,sunflower
95,47,44,6.16,589,sunflower
85,31,46,7.17,629,sunflower
110,39,54,7.26,516,sunflower
84,38,71,6.63,538,sunflower
75,40,48,6.78,625,sunflower
106,36,49,7.21,835,sunflower
98,46,51,7.1,709,sunflower
77,48,71,6.09,671,sunflower
108,37,42,7.74,590,sunflower
92,56,37,6.63,649,sunflower
104,53,61,6.7,647,sunflower
76,45,53,6.77,600,sunflower
96,45,47,6.55,705,sunflower
89,39,38,6.51,554,sunflower
114,42,34,6.44,533,sunflower
68,48,69,7.04,667,sunflower
77,48,82,7.28,616,sunflower
95,43,51,7.05,596,sunflower
83,28,49,7.01,771,sunflower
107,38,54,7.49,733,sunflower
72,51,50,7.19,647,sunflower
93,45,49,7.07,550,sunflower
120,42,45,7.18,640,sunflower
96,59,69,7.0,605,sunflower
110,52,55,6.98,494,sunflower
112,45,65,6.06,652,sunflower
95,41,73,7.65,686,sunflower
98,39,55,8.01,648,sunflower
73,50,50,6.89,606,sunflower
83,38,62,6.6,632,sunflower
74,55,60,7.21,659,sunflower
121,56,65,6.02,611,sunflower
77,42,64,7.59,527,sunflower
120,59,40,6.84,676,sunflower
113,29,77,7.44,487,sunflower
91,42,71,7.01,637,sunflower
78,48,57,6.46,618,sunflower
94,47,64,7.83,637,sunflower
75,46,51,6.75,578,sunflower
95,44,54,7.69,533,sunflower
103,48,52,6.46,530,sunflower
74,27,47,7.15,639,sunflower
93,46,59,7.15,560,sunflower
100,43,56,6.88,598,sunflower
98,37,66,6.96,669,sunflower
78,53,64,6.46,718,sunflower
96,53,64,7.56,502,sunflower
59,51,68,6.62,817,soybean
74,43,33,6.97,721,soybean
57,47,35,7.26,667,soybean
100,47,45,6.45,736,soybean
100,50,64,6.45,704,soybean
73,37,45,7.08,754,soybean
81,40,50,6.98,829,soybean
79,38,35,6.95,737,soybean
93,52,50,7.16,797,soybean
88,40,50,6.44,782,soybean
61,45,68,6.36,807,soybean
108,45,37,6.94,730,soybean
88,50,62,6.79,862,soybean
65,60,47,6.83,616,soybean
87,48,45,6.62,905,soybean
46,39,50,6.77,931,soybean
92,47,45,6.78,638,soybean
92,43,58,6.79,749,soybean
60,37,60,6.98,698,soybean
71,50,55,6.67,695,soybean
76,60,78,6.47,743,soybean
50,50,45,6.59,748,soybean
66,38,50,7.6,574,soybean
66,32,28,7.41,802,soybean
92,53,60,6.64,870,soybean
82,43,76,6.41,853,soybean
68,45,41,6.35,728,soybean
86,41,44,6.44,657,soybean
84,50,64,6.99,780,soybean
68,43,51,6.71,897,soybean
92,42,53,6.46,726,soybean
122,45,47,7.04,813,soybean
67,58,62,6.94,591,soybean
96,35,37,6.78,760,soybean
87,53,49,6.92,736,soybean
82,35,59,5.69,707,soybean
74,50,59,7.19,805,soybean
96,46,49,6.26,618,soybean
70,60,46,6.61,738,soybean
80,43,70,6.66,682,soybean
100,36,39,6.56,736,soybean
92,47,50,7.24,731,soybean
49,41,45,6.87,665,soybean
88,44,45,6.32,659,soybean
52,42,62,7.03,907,soybean
64,32,45,6.56,676,soybean
99,51,57,6.97,864,soybean
78,37,42,7.18,804,soybean
81,56,41,6.77,789,soybean
73,47,58,7.08,777,soybean
61,49,46,7.0,661,soybean
71,38,46,6.18,828,soybean
64,50,58,6.47,723,soybean
61,47,32,6.49,764,soybean
72,39,47,6.93,834,soybean
131,47,55,6.96,685,soybean
80,43,41,6.93,817,soybean
64,54,54,7.0,666,soybean
75,49,49,6.71,763,soybean
81,38,22,6.97,788,soybean
55,47,56,6.88,742,soybean
91,50,41,7.1,825,soybean
77,44,45,6.65,670,soybean
86,50,50,6.57,699,soybean
90,45,67,7.06,588,soybean
89,47,52,6.27,676,soybean
62,58,58,6.68,796,soybean
86,48,59,7.46,640,soybean
106,50,45,6.86,657,soybean
103,50,52,6.95,689,soybean
68,36,46,6.25,650,soybean
106,43,54,6.71,648,soybean
70,67,41,6.73,640,soybean
49,46,47,6.85,691,soybean
75,51,45,6.88,795,soybean
65,53,55,6.76,757,soybean
102,45,43,6.48,837,soybean
80,38,46,6.4,679,soybean
93,42,66,6.54,822,soybean
60,32,56,6.73,721,soybean
80,50,67,7.34,709,soybean
75,35,43,6.52,750,soybean
93,42,40,6.87,793,soybean
93,48,70,6.72,778,soybean
78,33,54,6.87,735,soybean
86,48,54,6.86,824,soybean
101,47,38,6.51,736,soybean
51,48,53,6.44,646,soybean
92,54,51,7.51,709,soybean
90,44,43,6.74,664,soybean
47,38,59,6.88,741,soybean
126,42,54,6.62,836,soybean
71,40,55,7.26,847,soybean
107,55,48,6.33,710,soybean
79,38,38,6.93,612,soybean
89,36,35,6.81,754,soybean
59,51,55,6.75,750,soybean
86,45,71,6.35,518,soybean
62,58,71,6.75,754,soybean
71,30,44,6.62,824,soybean
93,45,45,6.71,590,soybean
101,47,41,7.13,747,soybean
58,49,44,7.07,695,soybean
74,42,40,6.29,797,soybean
82,43,44,6.74,841,soybean
85,47,57,6.88,768,soybean
68,43,58,7.11,536,soybean
73,46,51,6.17,682,soybean
87,43,49,7.28,681,soybean
90,50,43,7.06,753,soybean
83,43,32,6.67,706,soybean
82,44,40,7.1,566,soybean
74,38,51,7.15,715,soybean
75,51,54,6.5,645,soybean
76,52,59,6.82,623,soybean
84,31,43,6.91,753,soybean
94,34,63,6.02,746,soybean
77,55,54,6.86,642,soybean
95,59,47,6.22,751,soybean
88,48,72,6.4,646,soybean
126,40,74,6.82,1558,sugarcane
132,65,73,7.15,1286,sugarcane
161,62,75,8.29,1403,sugarcane
131,63,92,6.35,1408,sugarcane
144,55,64,6.7,1564,sugarcane
142,56,72,7.01,1598,sugarcane
126,46,70,6.13,1300,sugarcane
124,35,65,6.91,1927,sugarcane
121,48,73,6.97,1127,sugarcane
134,41,99,6.29,1933,sugarcane
146,45,97,6.58,1551,sugarcane
108,52,94,6.47,942,sugarcane
106,54,66,7.54,1461,sugarcane
143,44,59,6.63,1047,sugarcane
132,40,63,6.71,1474,sugarcane
121,44,89,6.86,1506,sugarcane
113,55,72,7.49,1150,sugarcane
93,62,71,5.91,1307,sugarcane
110,42,74,6.09,1069,sugarcane
136,37,62,7.27,1325,sugarcane
146,55,60,5.67,1963,sugarcane
142,40,67,5.15,1419,sugarcane
124,61,53,6.27,1243,sugarcane
138,47,81,6.73,1412,sugarcane
128,38,77,7.22,1804,sugarcane
144,50,85,7.39,1396,sugarcane
106,53,57,5.45,1265,sugarcane
113,48,79,7.41,1557,sugarcane
122,40,72,6.83,1662,sugarcane
140,54,80,7.21,1402,sugarcane
98,40,85,5.2,781,sugarcane
128,42,87,7.06,1730,sugarcane
139,48,85,6.92,1458,sugarcane
122,35,60,7.09,1425,sugarcane
111,56,91,5.85,1551,sugarcane
131,40,97,6.15,1661,sugarcane
118,43,77,7.04,1476,sugarcane
124,50,84,6.99,1628,sugarcane
124,48,74,6.68,1325,sugarcane
148,49,98,6.76,1535,sugarcane
118,37,61,6.77,1843,sugarcane
127,40,109,7.31,1625,sugarcane
142,52,68,7.31,1517,sugarcane
127,65,61,6.71,1386,sugarcane
121,52,58,5.05,1088,sugarcane
108,42,91,7.73,1406,sugarcane
111,44,73,7.39,1642,sugarcane
143,61,82,6.34,1513,sugarcane
130,54,60,5.8,1878,sugarcane
113,58,53,6.72,1247,sugarcane
121,51,79,5.5,1428,sugarcane
115,44,63,6.61,1719,sugarcane
142,50,68,7.34,1113,sugarcane
119,60,54,7.65,1692,sugarcane
112,52,73,6.38,1763,sugarcane
112,60,68,7.52,1351,sugarcane
131,43,65,6.8,1381,sugarcane
143,55,86,7.06,1417,sugarcane
143,53,69,6.57,1460,sugarcane
123,50,96,6.01,1200,sugarcane
119,55,92,7.31,1499,sugarcane
109,45,67,6.72,1549,sugarcane
120,47,74,6.11,1519,sugarcane
145,40,63,7.32,1545,sugarcane
117,38,80,6.55,1470,sugarcane
130,58,67,6.52,1370,sugarcane
109,65,55,7.01,1198,sugarcane
124,44,77,7.45,1390,sugarcane
106,50,81,6.73,1441,sugarcane
148,61,73,6.6,1868,sugarcane
129,57,82,5.86,1439,sugarcane
122,40,73,7.34,1256,sugarcane
120,64,81,5.7,1250,sugarcane
132,53,91,6.83,1454,sugarcane
133,63,80,6.48,1626,sugarcane
123,54,75,5.96,1209,sugarcane
137,63,78,6.46,1309,sugarcane
135,55,73,6.26,1291,sugarcane
118,51,80,7.21,1505,sugarcane
118,44,79,5.69,1347,sugarcane
111,66,53,6.45,1633,sugarcane
113,42,64,6.19,1681,sugarcane
114,63,56,7.15,1377,sugarcane
111,46,45,6.86,1844,sugarcane
127,65,94,6.51,1386,sugarcane
153,53,44,6.78,1377,sugarcane
134,40,85,7.39,1709,sugarcane
111,49,80,7.14,1269,sugarcane
142,57,93,5.5,1347,sugarcane
136,49,48,7.15,1309,sugarcane
139,58,82,6.62,1752,sugarcane
101,64,88,6.55,1390,sugarcane
123,59,58,7.98,1783,sugarcane
132,50,86,7.06,1544,sugarcane
110,55,80,7.72,1430,sugarcane
95,48,89,7.47,1092,sugarcane
133,59,74,6.23,1165,sugarcane
115,63,56,6.83,1998,sugarcane
113,51,74,7.56,1232,sugarcane
127,46,74,5.65,954,sugarcane
120,32,73,7.16,1704,sugarcane
130,47,76,6.62,1735,sugarcane
113,56,73,7.64,1316,sugarcane
115,60,71,7.09,1419,sugarcane
131,55,84,6.85,1911,sugarcane
116,60,87,7.12,1793,sugarcane
134,48,82,5.27,1271,sugarcane
144,62,93,7.82,1543,sugarcane
128,53,56,7.82,1745,sugarcane
107,54,78,6.61,1869,sugarcane
104,59,90,6.3,1420,sugarcane
123,54,63,8.05,1759,sugarcane
130,63,73,7.1,1249,sugarcane
124,32,76,7.18,1315,sugarcane
133,66,86,7.81,1642,sugarcane
118,48,92,6.78,1642,sugarcane
141,53,55,6.66,1542,sugarcane
134,42,94,6.57,1479,sugarcane
140,58,80,7.06,1252,sugarcane
118,38,62,7.39,1646,sugarcane
115,52,73,5.71,605,cotton
92,48,71,7.13,569,cotton
76,33,57,6.58,681,cotton
87,38,47,6.96,795,cotton
78,60,58,6.5,560,cotton
90,43,82,7.42,828,cotton
106,48,64,6.85,714,cotton
84,48,65,6.39,754,cotton
84,57,78,7.47,694,cotton
83,48,65,6.41,695,cotton
89,59,68,7.44,614,cotton
78,37,69,6.59,628,cotton
108,43,59,6.69,743,cotton
83,52,70,6.97,912,cotton
77,45,55,6.78,751,cotton
106,41,73,6.26,827,cotton
88,43,72,6.44,751,cotton
76,56,81,6.8,536,cotton
85,57,56,6.66,635,cotton
86,31,71,6.92,872,cotton
100,33,69,7.02,603,cotton
84,49,71,7.0,830,cotton
122,50,73,6.64,652,cotton
100,54,68,6.11,613,cotton
87,49,93,6.41,725,cotton
100,51,60,6.83,670,cotton
112,32,72,7.3,824,cotton
90,41,57,6.47,762,cotton
128,52,48,6.85,709,cotton
98,41,86,6.83,798,cotton
76,36,47,6.78,729,cotton
108,41,87,6.39,765,cotton
85,52,49,7.27,688,cotton
89,48,65,6.23,878,cotton
91,37,69,5.87,655,cotton
104,54,66,6.55,846,cotton
98,44,48,7.21,790,cotton
76,48,77,6.48,740,cotton
61,52,84,6.54,527,cotton
101,41,61,4.99,687,cotton
97,51,78,7.05,602,cotton
96,41,55,6.78,931,cotton
67,44,66,6.72,876,cotton
87,56,49,7.11,750,cotton
119,51,86,6.25,683,cotton
101,65,56,5.8,768,cotton
94,37,59,6.44,742,cotton
90,58,41,6.77,612,cotton
65,28,70,6.73,787,cotton
85,52,66,7.89,796,cotton
63,41,75,7.9,823,cotton
66,47,59,6.12,868,cotton
69,42,71,7.7,453,cotton
84,48,60,6.62,711,cotton
118,63,52,6.13,722,cotton
68,48,50,7.13,698,cotton
83,36,59,7.33,785,cotton
77,55,62,6.81,743,cotton
78,38,66,6.71,680,cotton
98,52,87,7.78,681,cotton
69,50,79,5.79,614,cotton
74,38,55,7.01,759,cotton
52,48,57,6.89,670,cotton
56,42,63,6.43,481,cotton
122,43,55,6.43,710,cotton
98,47,57,6.42,717,cotton
124,52,78,6.03,672,cotton
88,46,44,5.94,640,cotton
78,41,58,6.79,869,cotton
104,44,63,6.69,619,cotton
91,36,49,7.1,760,cotton
71,36,81,7.19,960,cotton
66,41,55,6.34,694,cotton
72,56,53,7.4,665,cotton
128,47,70,6.29,506,cotton
106,44,41,6.62,654,cotton
102,45,42,6.54,571,cotton
77,33,95,5.86,391,cotton
88,46,52,7.06,709,cotton
75,51,69,6.69,652,cotton
91,37,47,6.36,749,cotton
87,43,84,6.87,667,cotton
84,23,81,7.63,668,cotton
102,42,49,6.6,690,cotton
101,42,68,5.93,866,cotton
114,32,58,5.82,804,cotton
68,53,44,6.14,757,cotton
84,37,76,6.67,650,cotton
88,35,51,7.0,445,cotton
100,49,55,7.55,812,cotton
92,40,83,5.31,720,cotton
58,42,77,6.4,533,cotton
113,58,60,6.92,752,cotton
93,45,56,7.7,523,cotton
104,41,54,5.44,698,cotton
93,36,55,6.15,734,cotton
76,42,61,6.79,646,cotton
86,56,52,7.44,662,cotton
103,51,77,6.62,550,cotton
79,46,61,6.66,659,cotton
70,45,50,7.28,777,cotton
81,40,78,6.54,798,cotton
79,41,62,8.3,763,cotton
99,61,78,6.64,615,cotton
96,43,70,8.38,745,cotton
93,46,65,5.75,611,cotton
128,38,44,6.88,663,cotton
99,52,58,7.24,782,cotton
55,42,71,7.65,689,cotton
88,51,53,6.23,847,cotton
75,36,49,7.58,696,cotton
104,41,82,6.97,631,cotton
90,48,90,6.08,729,cotton
91,50,74,6.89,677,cotton
95,41,74,6.62,683,cotton
85,58,66,6.89,721,cotton
77,47,45,6.26,652,cotton
97,41,81,8.0,685,cotton
83,52,66,6.17,695,cotton
93,35,77,6.04,549,cotton
